target,Clean
Negative,upset cant updat facebook text might cri result school today also blah
Negative,dive mani time ball manag save 50 rest go bound
Negative,whole bodi feel itchi like fire
Negative,behav im mad cant see
Negative,whole crew
Negative,need hug
Negative,hey long time see yes rain bit bit lol im fine thank how
Negative,nope didnt
Negative,que muera
Negative,spring break plain citi snow
Negative,repierc ear
Negative,couldnt bear watch thought ua loss embarrass
Negative,count idk either never talk anymor
Negative,wouldv first didnt gun realli though zac snyder doucheclown
Negative,wish got watch miss premier
Negative,holli death scene hurt sever watch film wri director cut
Negative,file tax
Negative,ahh ive alway want see rent love soundtrack
Negative,oh dear drink forgotten tabl drink
Negative,day didnt get much done
Negative,one friend call ask meet mid valley todaybut ive time sigh
Negative,bake cake ate
Negative,week go hope
Negative,blagh class 8 tomorrow
Negative,hate call wake peopl
Negative,go cri sleep watch marley
Negative,im sad misslilli
Negative,ooooh lol lesli ok wont lesli wont get mad
Negative,meh almost lover except track get depress everi time
Negative,some1 hack account aim make new one
Negative,want go promot gear groov unforn ride may b go one anaheim may though
Negative,thought sleep option tomorrow realiz evalu morn work afternoon
Negative,awe love 1 miss
Negative,cri asian eye sleep night
Negative,ok im sick spent hour sit shower caus sick stand held back puke like champ bed
Negative,ill tell ya stori later good day ill workin like three hour
Negative,sorri bed time came gmt1 httpisgdfng
Negative,dont either depress dont think even want know kid suitcas
Negative,bed class 812 work 123 gym 35 6 class 610 anoth day that gon na fli miss girlfriend
Negative,realli dont feel like get today got studi tomorrow practic exam
Negative,hes reason teardrop guitar one enough break heart
Negative,sad sad sad dont know hate feel wan na sleep still cant
Negative,awww soo wish see final comfort im sad miss
Negative,fall asleep heard traci girl bodi found sad heart break famili
Negative,yay im happi job also mean less time
Negative,check user timelin blackberri look like twank still happen ppl still prob w bgs uid
Negative,oh manwa iron fave top wear meet burnt
Negative,strang sad lilo samro break
Negative,oh im sorri didnt think retweet
Negative,broadband plan massiv broken promis httptinyurlcomdcuc33 via wwwdiigocomtautao still wait broadband
Negative,wow ton repli may unfollow see friend tweet your scroll feed lot
Negative,duck chicken take wayyy long hatch
Negative,put vacat photo onlin yrs ago pc crash forget name site
Negative,sure pos much want dont think trade away compani asset sorri andi
Negative,hate happen
Negative,sad feel dalla go show got ta say though youd think show would use music game mmm
Negative,ugh92 degre tomorrow
Negative,u move thought u alreadi sd hmmm random u found glad hear yer well
Negative,miss ps3 commiss wutcha play cop blood sand
Negative,leav park lot work
Negative,life cool
Negative,sad though ive never gotten experi post coitus cigarett never
Negative,nice day bad rain come tomorrow 5am
Negative,bad wont around lost job cant even pay phone bill lmao aw shuck
Negative,damm back school tomorrow
Negative,mo job money hell min wage 4 fn clam hour
Negative,forev see soon
Negative,agre saw failwhal allllll day today
Negative,oh haha dude dont realli look em unless someon say hey ad sorri im terribl need pop
Negative,im sure your right need start work nikster jare least
Negative,realli hate peopl diss band trace clear ugli
Negative,gym attir today puma singlet adida shortsand black busi sock leather shoe lucki run cute girl
Negative,wont show locat httptwitpiccom2y2
Negative,picnic phone smell like citrus
Negative,donkey sensit comment nevertheless hed med glad see mug asap charger still awol
Negative,new csi tonight fml
Negative,think arm sore tenni
Negative,wonder someon u like much make unhappi split seccond depress
Negative,sleep soon hate say bye see tomorrow night
Negative,got ur newslett fare realli unbeliev shame alreadi book paid mine
Negative,missin boo
Negative,
Negative,damn dont chalk chalkboard useless
Negative,blast getti villa hate shes sore throat day get wors
Negative,hey miss ya meet sup mama
Negative,tummi hurt wonder hypnosi anyth work get stop smoke
Negative,alway fat one
Negative,sorri babe fam annoy thank theyr asleep right muahaha evil laugh
Negative,paid attent cover photoshop webpag design class undergrad
Negative,wednesday bday dont know 2
Negative,poor cameron hill
Negative,pray pleas ex threaten start sh myour babi 1st birthday parti jerk still headach
Negative,hmm u realli enjoy problem constant u think thing find someon ulik
Negative,strider sick littl puppi httpappsfacebookcomdogbookprofileview5248435
Negative,ryleegracewana go steve parti sad sinc easter wnt b abl 2 much ohh well
Negative,hey actual one bracket pool bad wasnt one money
Negative,dont follow either work
Negative,bad nite favorit team astro spartan lose nite tw good
Negative,bodi miss northern calif girl found polic found remain miss northern california girl httptrimimji
Negative,hope increas capac fast yesterday pain got fail whale 15 time 2 hour
Negative,behind class work
Negative,watch quothousequot
Negative,rememb bum leg strike back time serious
Negative,cool kind complaint laptop onlin overh recal
Negative,emili glad mommi done train new job miss httpappsfacebookcomdogbookprofileview6176014
Negative,would rather first parti send bad messag 3rd parti send mix one sophmor year
Negative,overr
Negative,know heard afternoon wonder thing moscow behind time
Negative,lay bed voic
Negative,im sooo sad kill kutner hous whyyyyyyyy
Negative,sorri tell mea culpa realli sorri
Negative,didnt make sens suicid thing refus believ actual happen
Negative,hope ok
Negative,damn grind inspir sadden time dont want stop cuz like u much love
Negative,yeah aw know wudnt stand chanc
Negative,ugh cant sleep 130am
Negative,hang crooner wan na sing cant suck
Negative,aaw miss ya im leav bh tomorrow quotmorningquot think aww wan na go beach w u girl
Negative,piss there asba radio station
Negative,wednesday bday n dont know 2
Negative,know life flip upsid thought head ramen sound good
Negative,pain back side hurt mention cri made fail
Negative,late night snack glass oj bc im quotdown sicknessquot back sleepugh hate get sick
Negative,im big fan camilla bell
Negative,wah cant see clip must elstupido work filter cant wait till get puter someth els 2 blame ex 4 broke mine
Negative,week seem get longer longer term much need much im actual go get done
Negative,im cold
Negative,ehhh dont weather gon na take turn ugli tomorrow
Negative,haha cooooold still go show incred stuff
Negative,hope tummi rumbl go away soon
Negative,notic told id work tomorrow call agenc follow said
Negative,almost bedtim
Negative,im miss babe long aliv im happi yan im tire love imma tri sleep hope headstart
Negative,aghsnow
Negative,miss kenni power
Negative,thank let peopl know im sad direct messag got wasnt actual bridget
Negative,india miss 100th test victori n 10th consecut win without loss
Negative,guess that
Negative,sad go bed
Negative,shame hear stephan
Negative,hey im leavin morn
Negative,intend finish edit 536page novel manuscript tonight probabl happen 12 page left
Negative,laid around much today head hurt
Negative,still havent read 9thamp10th princess diari save francesca made cri end hmm easi book
Negative,nokia 1110 die
Negative,mom might breast cancer wont find anyth like week im worri
Negative,go sleep hope tomorrow better day
Negative,lol wish understood daylight save end though breakfast hour later keep wake kid
Negative,lame
Negative,dont understand realli dont
Negative,hero isnt season
Negative,live downtown sure isnt much fun
Negative,calori wise wish junk food calori free ate thing sour skittl big ass cherri coke
Negative,man work hard
Negative,get sick time hot tea studi sleeeep
Negative,get eyebrow wax pain
Negative,phantasi star yesterday go work
Negative,oh got macheist 30 app sweet didnt get espresso serial though although said sent oh well
Negative,pick mich st win get go feel pretti good pick way untiltonight lost
Negative,alon downstairswork
Negative,feel bad
Negative,hate anoop mean serious shes kinda mean
Negative,yes sprint 4g baltimor chicago far
Negative,im stuck awak middl night second day row felt terribl yesterday
Negative,thank burst bubbl
Negative,go school soon cant find anyth wear gosh hard
Negative,serious lol
Negative,page sooooo long got delet sad day histori
Negative,crazi wind today bird httpffim1xtti
Negative,current work
Negative,grrr ipod act weird jai ho think arent play full song ughh
Negative,send dvd cos miss heap happi
Negative,dont see big deal websit
Negative,im sorri your go
Negative,far way rail tip
Negative,im still swear keep lose gain lose gain tweep heart wrench
Negative,today realiz good hide thing even cant find
Negative,stay friend househous sit neighbor loudhav parti
Negative,danni im upset wasnt watch live chat car 3 hour trip im soooo upset
Negative,check mug httpwwwerikaobscurablogspotcom
Negative,border close 10
Negative,download nin new album quotth slipquot hell come im behind time day
Negative,woke alreadi written email ive go earli univers today teach 830
Negative,watch hill make sad
Negative,mani channel yet bore lazi day may find hobbi
Negative,miss buddi ill ny 25th
Negative,love french tell peopl south im qtr french snarl french beauti peopl
Negative,opp said still got one day remain problem come
Negative,activ selfcontrol block earli mean cant check new qc regular intern clock might difficult
Negative,oh
Negative,spencer good guy
Negative,rees die season final next week bore madam presid crazi woman
Negative,hate limit letterstoohop guy finei pray dogsheï½ well
Negative,didnt get shit done today im screw
Negative,wanttss go
Negative,go sleep tonit
Negative,worri tire post tonight
Negative,couldnt get shit done today im screw
Negative,job interview cardiff today wish luck got 3 hour sleep
Negative,show whack way wors whack wiggetywhack
Negative,realli dont think peopl choos way think chose accept famili help might dead
Negative,your go kill ive seen ds9 ive wait till one solid week sit
Negative,think ur right hahaha 45 hrs
Negative,hate see spartan sad
Negative,mind bodi sever protest quotget upquot thing nightmar boot
Negative,im goin follow u sinc u didnt lol go angel
Negative,think want read book librari doesnt
Negative,nap interrupt mani time today go japanes rent
Negative,kind long bus show end ghost world right ugh
Negative,canada canada weird suppos get snow wednesday ugh
Negative,awwh bab look sad underneith shop entranc quotyesterday musikquot like look new transform movi
Negative,sad feet macbook fell
Negative,im gon na get late tomorrow 132am gon na get tipsi lonesom thatsthat sad
Negative,im sweat forthcom trip e3 cant find someon crash im may screw
Negative,gotten somebodi read tweet cant get make account
Negative,omgawd couldnt handl cat heat time
Negative,hope make auburn show look good
Negative,that peopl mag haha couldnt fit dont think pictur ever made magazin tho haha
Negative,congrat total forgot submit photo
Negative,awww good luck paula pleas dont work hard hope fun new album gon na amaz xxx
Negative,leav get sad
Negative,miss twitter phone broke im use stupid nokia phone ughhh miss advanc phone
Negative,shoot outsid hous kid scare
Negative,tuesdayï½l start reflect ï½n lectur stress reduc techniqu sure might becom use us accompani
Negative,tragedi disast news week
Negative,yes yes still tri find pictur upload correclti
Negative,oh red sox game rain look forward open day
Negative,still cant find key
Negative,know right dunno go twitter
Negative,might get sore throat
Negative,home town mammi call depressd pls explain parent let 8yr old child walk alon hello 2009
Negative,think need find better antidepress think paxilwellbutrin combo lose efficaci
Negative,restaur call woodntap competit eat tourney round tourney time place 2nd
Negative,bathroom wake lakin
Negative,want taco margarhita telll gay say hellolt3
Negative,im lone keep compani 22 femal california
Negative,bad day betfair offic
Negative,miss cant wait celebr tar heel win weekend though
Negative,im realli cold dont want go sleep yet there noth
Negative,4 u offici 4 go round
Negative,monkey found twin wont even write back im heartbroken
Negative,aww know felt like yesterday work
Negative,treati isnt defin
Negative,miss brent prais band fun lead guitarist ltpoutgt
Negative,poor john happen play fruit microwav serious though seen doctor xxx
Negative,miss bff watch home away remind lt3 shout u court
Negative,new video card doa
Negative,feel lost nake confus jk sort ofno iphon
Negative,damn late fill apprais form peopl almost sent occupi work
Negative,think much past cant chang deserv much wat got still think gah
Negative,lost ring nowher seen
Negative,ooooooh sealclap see download shitload zip folder 4chan internet money fuck yeah alicia amp mikey
Negative,still nurs nile glad feel better hate babi sick
Negative,fuck go back ic
Negative,yoyoyo internet rude tonight reconnect im go bed
Negative,well uni stuff netbal netbal ive done uni stuff
Negative,poor
Negative,help forget 8th april amp 13th juli
Negative,dierk bentley comin columbus oh wan na go bad
Negative,take sidekick back
Negative,congrat im total jealous wish xm work
Negative,gr8t face itchi
Negative,poor sock luvvvvv golden retriev want one sighhhh
Negative,saw found traci girl piec luggag fuck terribl
Negative,aaaaand nausea back
Negative,ooh iï½m excit even go 2 long love youtub
Negative,spent 1 hour reach axi bank find today holiday mahavir jayanti contd
Negative,agre jobro dont updat there often
Negative,hilari link clip lj time ago went back dead link
Negative,oooooooo im neither that need studi
Negative,havent tweet near day post websit tonight hope goe well night time
Negative,miss bentley
Negative,serious need finish job applic
Negative,son vinca sick stay home three tens day work back holiday kid
Negative,whing clientampboss dont understand english well rewrot text unread written v good writerampreview correct
Negative,dont want ever punch
Negative,sooo sick snow ughh
Negative,doesnt work fan upset
Negative,would like apolog repeat video game live relat tweet go stern discuss koodo soon stern
Negative,cant figur get back pay hotel etc
Negative,fml much senior bc technolog inept quotregisterquot class
Negative,feel like slept day away look forward bout gallbladd least pill pain
Negative,realli want old bass back
Negative,mad tire today callin earli tonight nighti night twitta
Negative,take easi good
Negative,im afraid bad code
Negative,think im go bed goodniight hate
Negative,im friend love
Negative,time didnt notic gonejust need db2
Negative,bathroom pee
Negative,want margarita
Negative,yup night workout r worst unfortunet work schedul allow go night tough
Negative,call hillsong said couldnt tell wait list dont know look good
Negative,0g milki bar left around 200ml coke
Negative,stillllll hasnt arriv
Negative,mraow feel like danc first art school want rape
Negative,ah bet ive like crave play softbal basketbal noo time
Negative,terrifi accident delet refer manag assign hope doesnt get troubl get back
Negative,amazon s3 plugin work websit need php 5 host provid php 44 sad
Negative,argh suuuper sleepi hour ago im wide awak hope dont stay night
Negative,wish sold time let know would love hear
Negative,watch tropic thunder dread tomorrow
Negative,nohe still missn
Negative,chiefdelphi
Negative,httptwitpiccom2y2wr accord bro new puppi poo fight cover poop pictur stolen
Negative,play game home new boss didnt call yet
Negative,su yin huen tweet feel unbear guilt made staff cri httptinyurlcomcw2l9t
Negative,poor joshi sick damn tejano
Negative,thought sandra cantus famili difficult sad time
Negative,know want let everybodi know happen
Negative,michigan dont know sigh shame
Negative,fill two hour
Negative,cuuut hey miss na see girl everyday
Negative,oh mention quotgooooood moooorniiiiiiingquot germani im back cageor bettermi offic
Negative,throat close string chees good idea
Negative,aww sandra cantu found dead suitcas miss children stori never seem go good poor famili
Negative,wish home underneath cover
Negative,walk home school drain energi
Negative,agre shapeshift copout excit angela ep thought week noah awesom tho
Negative,dang would done knew earlier outing plan
Negative,wish better write take long write paper
Negative,cours access halo 3 mythic map pack redownload bad news legendari map pack ugh 600ms
Negative,yet unfortun anoth week ive told ive littl bit busi latest project
Negative,ha sun alreadi gone
Negative,day 2 lot harder day 1 let see day 3 goe tomorrow
Negative,man crush jake peavi let
Negative,megafast trip time day tomw go tonight want see bad tri warn tech fail
Negative,michigan state make sad
Negative,omg mouth much pain wan na sleep until time take brace
Negative,get annoy easili today gtgtgt biofuel propos get annoy easili today gtgtgt biof httptinyurlcomceprv
Negative,hey girl site back girlyvu back even video
Negative,im spend time grandma earli tomorrow cant leav skittl
Negative,got home watch michigan state get tromp
Negative,oh jewbus two year worth class work alot organ gt_lt im finish tonight possiblemi bone ach
Negative,exchang laptop hasnt arriv
Negative,hope doesnt last long feel miser
Negative,rachel hang outag neccessari gon na home wekend dumb folk make work im free f sat 4
Negative,fun amp furious new mantra bay 2 breaker get 2 rambunctiousth citi overreact amp clamp
Negative,hubbi reason think import good spot red carpet trek movi premier sod
Negative,swear matter long ive get 5am never get easier man eye hurt wah
Negative,jeffre keep hair one color perman dye fade within week
Negative,reaction whoa didnt see come
Negative,still sick feel bit better got new medicin hope feel good night sleep ohh suppos snow wtf
Negative,think mayb get coupl hour sleep hon product right ur dog tire worri
Negative,thank lot learn lot new word didnt find look
Negative,wish xblm download gamertag hitokyri 5 gamertag thing nonsens im tire
Negative,new testament test 930
Negative,ton hay troll ahhhh
Negative,stupid movi watch mirror ugggggh stooopee rip
Negative,httptwitpiccom2y2yi love buck
Negative,last one still done
Negative,homework
Negative,dont understand thing get taken away didnt enough time unfair want back like babi
Negative,scratch du heif two half cooki tum cant take anymor shoog poot
Negative,listen sweet first time forev miss much go chi town visit plz
Negative,geez busi afternoon meet email meet email meet 6pm day still go ah dark
Negative,dang anoth spring break cool bad work week oh well money phone ttyl everbodi
Negative,im afraid ur repli uni age ago
Negative,feel
Negative,lol emot ass men omg late night eat us broke
Negative,aww nick like hair longer cut break heart
Negative,wonder jon lost net
Negative,wow depress thing world lose video youv creat matter second
Negative,wwwmycomicshopcomsearchtid395031 say stock
Negative,lmao im sorri poohpot ate
Negative,chanc softbelli isnt loud
Negative,time move posterior lose fat articul creak run iï½m drool swim
Negative,listen nathan cri
Negative,today suck im gon na die without chris callum wahhh
Negative,stou site updat info 22552 exam open cours must wait mail notic doc um
Negative,im sorri im feel kinda yucki 5am go come quick
Negative,love scrappi missin alreadi
Negative,want hear song myspac mess
Negative,bad news dad cancer die good news new busi start life coach practis holist weight manag
Negative,man intervent soo sad
Negative,help need new boyfriend im stuck rut
Negative,feel like complet idiot im one doesnt get shit work help
Negative,saw ad craigslist cast call femal host g4 total psych realiz hoax
Negative,pepperoni roll la call valentino said sausag roll pepperoni roll httptinyurlcomcec5ka
Negative,yes monday
Negative,want new gg episod alreadi
Negative,miss watch rocko modern life
Negative,rip sandrait sad someon someth like
Negative,keep finger cross buddi feel well
Negative,wait eat skinni vega im hungri
Negative,tri tweetdeck hate passion hate im sure
Negative,btw iphon act funni die quick freez bs im admit anyth sayin
Negative,sit wonder quotedquot still strong hold
Negative,im sorri got sick lol go bed night
Negative,internet home drive ox use internet builder
Negative,weather canada freez
Negative,twiggassssssss rang day im back hope good
Negative,anyon read pray grandma shes pain
Negative,woke accid quotit push pushingquot cri couldnt stop wet pant
Negative,home franklin street almost jump fire someon kick could jenni lost shoe
Negative,hey chang default
Negative,final gave bore enough start thing think 140 go problem tho like myspac status
Negative,oooon realli lucki eh awh definit earli work
Negative,buttload homework
Negative,need anoth copi visual studio 2008
Negative,school world weekmi school silli anyway look bright side im u
Negative,omg ive econom test dont know thing know omg im gon na fail
Negative,upon time hundr island pride philippin tourism coralclamrar fish poach kinda sad
Negative,yeah appar realli bad tast
Negative,know realli surpris sinc everyon recommend youtub call tomorrow figur
Negative,wait airport ride get harass 2 men tri sell ugli hat want sleep
Negative,left id locat go bar fuckkkkkkkkkkkkk
Negative,im sorri dont understand last comment
Negative,announc stay late last night
Negative,strang illeg torrent avlbl everywher legal dvd stock
Negative,enough say imiss u
Negative,trolley pack like sardin padr game remov car good call mts
Negative,jeez tri help haha
Negative,happen saturday night along glitteri green lighter
Negative,tri reduc number cigarett day
Negative,yea quiet around cuz everyon work im bore death nobodi talk
Negative,got ta cook assign hard
Negative,okay applepear ive talk peopl theyv one ever told never
Negative,know im night owl natur hahaha time zone behind almost 1
Negative,lol nope complet
Negative,im useless dont sleep fair want fun well
Negative,pooki uti nurs gabbi get back 100 soda
Negative,tweet someth damn hang pleas
Negative,im behind video game everyth matter im yesterday news
Negative,one left got tempt ate soon got home chocol velvet amp ate mocha
Negative,stress blackberri keep flash red alert status reason fake hate
Negative,httptwitpiccom2y34 wan na wear doc marten havent worn sinc decemb
Negative,shoe repair shop guy could find shoe go back see find coupl day
Negative,realli see come
Negative,woke vivid sketchi notcool dream life time stare wall light
Negative,itll take 3 day sister get passport
Negative,oh yes miss
Negative,uh oh think get sick
Negative,good god ruin belli button
Negative,watch frame roger rabbit make miss toon town
Negative,rent cheap rent awesom hous 3 buy attempt fall
Negative,run nose spin head good combin meet
Negative,negat lost vote confid
Negative,nasti budget due iphon sent appl today
Negative,thatï½ bad
Negative,dammit episod 3 king wont play reason stop middl wont anyth
Negative,im upset miss chat quiz onlin free internet ceas
Negative,cant believ im disbelief way realli much take peopl alway get hurt other
Negative,car show season start without
Negative,throat raw
Negative,dont get person mind could even ish like prayer fam real
Negative,hate didnt need see need call therapist
Negative,twilight didnt come yesterday finger cross today
Negative,glad abl help feel better hate see sick love
Negative,tireddddddd want sleep assign finish exam tomorrow studi
Negative,know think need money
Negative,omgit jst teusday
Negative,ummmmm cant find
Negative,heard found sandra cantu 8 yrs old
Negative,ive forgotten snoosnoo wonder snoosnoo ever meet
Negative,wow last tweet made seem like giant sexistsorri
Negative,bathtub drain fire haz 1 job 2 amp iz fail got drano ass amp iz still drain wan na shower dangit
Negative,stuck home
Negative,mine 110 get
Negative,duckl famous children book stolen boston public garden boston globe httptinyurlcomdc2htx via oh
Negative,thank howev hate list includ 2 convict
Negative,head altrincham hour instal
Negative,morn good im bloodi knacker work today helppp xxx
Negative,dont garag park driveway
Negative,happen
Negative,quoton popular musicquot twadorno probabl difficult read ever prescrib im actual struggl continu
Negative,httptwitpiccom2y36 cant see flower fall dont camera cellphon
Negative,weve good im like snow right get use nice springlik weather
Negative,piti youtub current block china cant see vid
Negative,happen show hightlight life
Negative,best leather sofa world offic though mean im still work
Negative,still 3 day internet get uncap
Negative,doesnt get better day could someth lodg belli
Negative,love atekinzz much ampamp soo miss
Negative,wan na sneak zoo play kitti
Negative,oh hope your get sick
Negative,dont think caus cousin birthday parti
Negative,sweet littl man fell asleep wait daddi big brother get home poor babi miss much today
Negative,angel go miss athlet weekend
Negative,trust hard
Negative,watch consid today yaknow shawnna tomomorrowi need bestfriend
Negative,grr want keep read wont anyth left read
Negative,atekinzz world
Negative,u suppos date
Negative,pear amp brie bottl cabernet quotwin date tad hamiltonquot oh gawwd life flash forward im 40 75 cat
Negative,crap need dress
Negative,yeah know horribl ugh sadden
Negative,geez ur fun
Negative,wan na punk rock band
Negative,that lot angst tuesday afternoon
Negative,im glad britney isnt crazi anymor one hell show im sad next upap cook counti
Negative,huuug headach omg feel like crap
Negative,sorri
Negative,sorryi root
Negative,man took forev
Negative,see
Negative,list item ebay sell take forevermeanwhil coleman watch hill season premier without
Negative,got present done 23 slide done im cri week hardest week
Negative,lost 160
Negative,dont like previous skin thing start season two like went straight intro like
Negative,wish thereim pretti good scare shit peopl
Negative,go sound vain run fav lip gloss
Negative,never click link scream quotim spider im spiderquot known better yucki
Negative,time work get sick
Negative,imac came 320 indonesia state
Negative,dammit need stop buy furnitur
Negative,half asleep turn laptop
Negative,death peac life howev bite
Negative,think lost net sure hope
Negative,httpisgdr8zf httpisgdr8zi httpisgdr8zg test footag girlfriend hd dark one underxpos
Negative,tough game watch tonight state final go bed also stay watch season premier hill
Negative,seem jrubi support hpricot two version behind
Negative,unlik sisteri still dont one
Negative,frake app store piss httptinyurlcomc4ooho
Negative,log need studi
Negative,anyon els problem access ttb cant get
Negative,strong dislik peopl make stupid comment dont know whole stori
Negative,im sorri emma swarley goldfish im sad u
Negative,tweet alreadi gone arent miss guy tonight
Negative,cant sleep face kinda swollen dont let allerg thing thatll get thursday school tomorrow doubt
Negative,izzi cat tree shell stare shes floor chase run
Negative,offici ban godaddycom comp head hurt small print wast 10 couldv happili gone boba
Negative,pretti much scari
Negative,mine im find well hard get fit
Negative,good morn readi 2 go want 2 go back 2 bed
Negative,hate wait mail
Negative,wheat bread dollar store doesnt toast nice go tax call earli night
Negative,kutner mean knew someth go happen someon sad lt3 hous well done im still sad
Negative,aw ok goonit
Negative,ill cant go cinema
Negative,fell asleep realli didnt mean christina
Negative,hey rememb time use friend ugh vomit sick need sleep
Negative,lymph node massiv rahm emanuel ball right
Negative,oh comput suck dont think ill abl listen xbox 360 fancast tonit
Negative,miss play trumpet
Negative,throat still realli sore meant go 5 day camp friday sure
Negative,know exact feel
Negative,work
Negative,well bed time 1 sigh back 6 morn week wednesday
Negative,jesus camp yeah
Negative,oh everyth happen today forgot go dress shop opera tomorrow
Negative,turtl better mac last longer move faster
Negative,soak pleasant
Negative,sorri hear maggi thought mum
Negative,may email one hope feel better
Negative,dead yu gettin wen im leavin
Negative,pleas tell that somewher close california lol
Negative,stupid arrang marriag ill convert marri melov
Negative,well said looser show impli
Negative,poor sandra cantu amp cantu famili prayer go sick world live 8
Negative,fuck omg austin alway though man lt3 love
Negative,cri hard matthew die
Negative,sad feet macbook fell sad feet macbook fell
Negative,last find thing like your twitter
Negative,absolut
Negative,httptwitpiccom2y3cf fill curri true indian come
Negative,im soooo cold right
Negative,lol kant believ cam got beat upp sooo embarasssiiiin
Negative,good knight hun look forward ur tweet hate keep miss fun cuz time differ
Negative,tumblr exact feel wear ï½tieï½ httptinyurlcomc8bvqh
Negative,hahaa realiz quotimpunequot definit isnt word want dang im unclev
Negative,watch old video danc team make miss
Negative,wahh csi anywher dvred love money 2 though gon na watch sleep goodnight tweeterslt3
Negative,struggl hard inventori
Negative,hate us pleas dont
Negative,haha im ballin still got bill paaaaay
Negative,im one day realli want work home crap
Negative,waiti game episod im confus
Negative,haha cri guess
Negative,dont get statist bunch mumbo jumbo
Negative,got sad work uk amp us moment
Negative,evict
Negative,doesnt enjoy learn css
Negative,brian dont make fuck u lol repli 2 ur messagedid u get miss u
Negative,dvrd went watch appar dish network went miss catch rerun
Negative,lmao u may wait anoth season come thru summ boo hot nd dri ass weather
Negative,cant set feet ground miss eyelid peopl might get
Negative,english professor would asham
Negative,wish frog werent becom extinct httptinyurlcomcxe8w7
Negative,came home cross counti tire
Negative,dont want walk home snow want pick
Negative,lauren stubborn love love feel bad though made cri lol
Negative,grouchi want bmar
Negative,heart broken everi morn drop foo pre school understand mom say quoth heart brokenquot
Negative,feel well back hurt
Negative,im mood chocol want miniatur rees cup
Negative,cant take heat like oven feel sick nwo
Negative,come chat 15 minut pleas httpfanclubbackstreetboyscomchatphp
Negative,boredd colddd internet keep stuf
Negative,horribl nightmar last night affect sleep im realli tire
Negative,im lone keep compani 22 femal new york
Negative,lost st ignacius prepatori school haha
Negative,yeah realli depress stuff like get
Negative,problem tongueincheek remark lot acronym nz
Negative,hey said matt gon na go ballist disappoint good ep tho most
Negative,ugh horribl end sandra kantu stori prayer go
Negative,httptwitpiccom2y1p hate 2 b allerg want puppi soo bad ive alreadi thought cool name
Negative,morn folk 700 yawn amp away see hors hope twitter better behav today last night travesti
Negative,miss mine
Negative,sorri hear loss mani year far
Negative,gossip girl repeat
Negative,reckon
Negative,find realli hard use twitter
Negative,ive stuck hous two day
Negative,realli sad doesnt realli know
Negative,mayb one year ill get tax return girl dream right
Negative,back work tire hell feel cold come
Negative,april 9th isnt come soon enough
Negative,cream eye may herp ocular herp differ strain hes okay though
Negative,got ta repeat whole art folio cuz old one whole term work got wet
Negative,im readi weekend alreadi monday
Negative,umm nopethink im insomniac plus got fluilll sleepin like phuckin fish outta water minut
Negative,finland sleep night realli enough time
Negative,cant wait tri em prolli wait next weekend earliest
Negative,shiner take bed blanket
Negative,want cri
Negative,need go bank tomorrow go broke
Negative,earthquak itali sadden three hour away napl famili
Negative,sleep stress week come
Negative,yea work tp hack server 12player thing folk
Negative,hurt ankl go dr
Negative,oh noe manag send someth trash empti without notic feel ya
Negative,lost free copi radioact cant put ipod grrand cant go buy nother coz came paper
Negative,make shit
Negative,photoshop hate crash
Negative,vacat make feel sick
Negative,shouldnt gone
Negative,listen murd 9th wonder chillen miss crazi sex life
Negative,shoot care luisa
Negative,im sure everyon ruin gift whitney serious cell easter well
Negative,beso hollywood tire
Negative,dont want wake earli tomorrow damn work
Negative,finish watch movi prayer bobbi broke heart
Negative,myki realli horribl
Negative,2 put dog today someon ran
Negative,sorri hear dnf run tonight alway risk get bad coord ftf
Negative,get disgruntl peopl wrote esn 1000 hit one day made bill pull 250 top
Negative,ohh omg lmao im cri right lol kutnerrrr best
Negative,came back run took showerwhi lower stomach still hurt exercis
Negative,watch fallon mom work projectschool hard
Negative,56 min till home time count crave visit mac store close time get
Negative,sorri hear take care
Negative,hmmmgreed good motiv individu betternot much take away other
Negative,brat rub dont want mocha
Negative,kutnerrrr think 13 still show ugh kutnerk penn youv bright star ho
Negative,mom wish best luck
Negative,hate homework head hurt bad
Negative,got ebay blue item want jump bidder 100 hour still 3 hour go id better get hope
Negative,know littl depress ate much last night leftov today
Negative,well pc live room suffer fatal partion lost itun librari gone doc pic
Negative,sad day manu season
Negative,poor spunkyit sadmi rotti made 10 go pathi know feel
Negative,im sooo sad right need hug
Negative,want step brother home im worri dont even know hope know much care
Negative,got done watch hill love excit next episod im sad last season
Negative,aww stink hug
Negative,im tire feel like crap world feel crummi make happi usb disco mous
Negative,dont want believ im readingbuuso sad
Negative,wonder gamebattl
Negative,white trash vs us outnumb httptwitpiccom2y3jp
Negative,true dont use
Negative,spring break last one celebr
Negative,morn bah car wont start wait anwb
Negative,pretti anti memori tattoo strictest there offici ban disapprov famili
Negative,balamurugan longterm member team leav month well miss work hope well next ventur
Negative,sad know found bodi crazi world live child deserv ya know
Negative,wan na rock maxi dress coachella lack fund
Negative,cours babi scream crib night first day back work let cri boooo
Negative,home miss babi busi week ahead fri chill day guy kid egg hunt sat spiral dmb sat night easter
Negative,never found everytim click twitter thing myspac goe dude page
Negative,that horribl sorryto hear
Negative,cant find say dtmafiaoffici doesnt existther jus 1 dtmafia found n u dun seem b followin wht
Negative,thought would support
Negative,augh eff sarth stole mil nail polish pretti
Negative,wish spring fling tour dawn amp neece sigh gknight
Negative,hoyt distribut nz websit isnt work great like need
Negative,dont like first movi cillian murphi hot
Negative,wish good old cartoon come back ie captain planet where walli daria sad
Negative,feel v good abt
Negative,got text sarah
Negative,anoth day centr point time earli start guess train ram commut
Negative,four game fall modern warfar 2 halo 3 odst brutal legend bioshock 2 need cash
Negative,ugh that disconcert
Negative,actual whole site final taken damn russian
Negative,tweet arent go
Negative,finish delici breakfast last pari ill miss milk europ tastiest milk world dont drink us
Negative,ilearn great consid final week
Negative,im stress outttt
Negative,also shouldv bern asleep hour ago
Negative,tri figur twitter thingnon friend yet soo much see
Negative,reping custom icon made look cool edg could less squar might look bad diff background
Negative,want back la
Negative,dunno use forum get frustrat ill miss talk
Negative,option
Negative,unfortun one moment wasnt giant squid monster
Negative,want one branch midv open
Negative,aw sorri hear
Negative,chang plan order mac instead time hit book
Negative,yup
Negative,see donni tweet stat almost 700 repliesand jrk
Negative,nah havent receiv stimulus yet
Negative,seen ur tweet plz write bak u get havnt got one repli bak
Negative,aw tri go sleep 3 hour ago
Negative,im sorri hear alway sad lose close us love
Negative,cant sleep im still feelin like piec shit
Negative,oh sympathi hard decis alway hope old border colli go sleep shes 14 hug
Negative,well realli cool part wont spoil
Negative,im time warp without sad
Negative,true lol still slap face warm end march
Negative,hate convert movi put em itouch
Negative,gross pimpl
Negative,yea manaaaaaaaaaaaaaaaaaaaam marwan accent lol
Negative,one less follow tonight
Negative,mom last night brb figur whether burn
Negative,feel like quottwittererquot tweetdeck
Negative,karat tournament 8 week
Negative,go sleep cant 1am againand didnt finish statist homework
Negative,north carolina babi aint nothin stop nba draft
Negative,cant sleep
Negative,reaali miss john mayer twitter fuck rude peopl remov dont like tweet bitchfuck
Negative,go late one mqu today
Negative,im tire worki need life
Negative,leavin work feet hurt
Negative,sad unexpect total cri haha
Negative,superneej morn bah car wont start wait anwb
Negative,still homework
Negative,littl sad
Negative,mom amp dad get around 6too earli
Negative,shouldv asleep two hour ago
Negative,sorri hear dog
Negative,funni littl thing make homesick crimin breakn n2 brownston lawnord ci made misti
Negative,yeah great vid 12quot singl sold year ago
Negative,im val mac iitsc clubroom still sweat
Negative,awww sad im sorri
Negative,updatingff give noth good twenti minut
Negative,hot compress rili workng pull muscl gng bed good night
Negative,invit quothealthi diningquot session ashok hotel today exec chef rchopra damn workload skip
Negative,im sorri hear dog wish happier day come
Negative,miss em
Negative,cool tweet app razr 2
Negative,im bed got ta wake hella earli tomorrow morn
Negative,still procrastin hate organ cloth there much
Negative,play new mobbler v040 add great new featur wont play music e71 like v035
Negative,oh there one besti miss
Negative,time come back flawda doubl date serious im sorri hear
Negative,im way late work client 1210
Negative,blegghhhh go work
Negative,back work john muir dr httplooptuskoqabg
Negative,email yesterday u never respond
Negative,go long year fan
Negative,got done watch new hous episodedefinit one saddest episod ever
Negative,man tax suck im horrifi someth wrong turbotax decid keep around lot stuff turn
Negative,sleep time tomorrow gon na suck
Negative,wtf kutner oh im piss hous mean realli wtf
Negative,know dont know said
Negative,cash rule everyth around
Negative,pick oat market eat breakfast boy time work usc late night
Negative,feel sick much icecream
Negative,comput doesnt shockwaveblah account yet
Negative,awww wish could go sydney
Negative,hahaha surious feel like everyon know show joke except lc
Negative,cant spell today total suck
Negative,vaccin chickenpoxshould vaccin 3 yr oldi confus damn thing
Negative,school least last day
Negative,ya got ta get earli tomorrow whos readi weekend
Negative,miss home calv seasonsad black one die morn wish bottl calv
Negative,sorri loss brother dog sam sick wcush diseas
Negative,back work get spend next 8 hour alon dispatch room
Negative,there new kind starburst faver sound fab bc cherri strawberri fav red ad watermellon yucki
Negative,well much product 2 day angel
Negative,oh gee insomnia suck tri melatonin
Negative,good hear support netbean netbean know
Negative,wish would get time rest world unforn cairo wait mtva play
Negative,heartbroken littl sandra prayer famili
Negative,im 900 word ill finish tomorrow mayb
Negative,come ur background cover screen mine corner
Negative,wrote exact three line dialogu tonight gave
Negative,complaint facebook theyv chang much confus
Negative,slice finger
Negative,go thru town traffic bypass stink
Negative,ugh cant sleep wish good cuddl make ass
Negative,hate softwar updat download updat without tell never know what download
Negative,went ihop great diet least kung foo pancak time rachel
Negative,internet hate night spose
Negative,im jealous miss open day year
Negative,cruel wait review come far look like star trek best film year
Negative,debat shower sleep littl later tomorrow
Negative,stress alway culmin physic pain
Negative,need sleep cant
Negative,littl pinki finger hurt much
Negative,im sorri gift card ran suck
Negative,home spring break one home tho
Negative,access oneindiamobi googl phone android doesnt support indic languag
Negative,school take life much dont get sleep anymor still school work well
Negative,aw wish could cant realli speak yia yia doesnt speak english
Negative,free comp lol
Negative,get readi clean hous top bottom
Negative,cri friend move away tomorrow
Negative,stop nomnom didnt share night peopl
Negative,think get cold caught daddi oh trip would ruin
Negative,yeah bcoz kal penn visit lectur somewher n cant show anymor im gon na miss
Negative,procrastin start earli quarter dont want reaaaaad write paper
Negative,appar 52 degress 11pm washington state miss winter alreadi
Negative,bore home
Negative,massag great spill coke desk lame watch simpson ive finish hill dvds
Negative,wait fanclub chat even tough your favorit
Negative,mild left inner ear infect got irrit quotblockedquot feel sinc sunday
Negative,hey nope cute away awhil
Negative,tuesday
Negative,haha even yo didnt know twitter haha
Negative,someon alarm clock phone woke 3amstil got headach yesterday night
Negative,awww poor puppi ok
Negative,might break eat buffalo wing tomorrow
Negative,sittin wkayla realli realli reallli dislik brother doesnt know stop im wait day one
Negative,fed bokki mani birthday treatssicko
Negative,kinda bum agenc told didnt look go ladi pleas help creat look
Negative,work laptop offici dead happi
Negative,good freez
Negative,put listen mom
Negative,stuck pari cant even travel franc work
Negative,dont think there one close last time check closest one 70 mile away
Negative,aaaaand back literatur review least friend cup coffe keep compani
Negative,worri wont get 900 even though paid buttload tax last year
Negative,okay still school
Negative,phoneless sleep
Negative,reek alcohol dentist morn drunk put tshirt realis huge stain dentist look disgust
Negative,realli cold
Negative,cant sleep want dream
Negative,cant sleep hate night tri go bed earli stay awak hour poo
Negative,yeah bad peopl like certain burrito man exist
Negative,that sad
Negative,found mum adopt aunti twitter check mum tessm64 awesom aunti tania38
Negative,sleepwid awakeand got ta go work later boy go crappi day
Negative,struggl eam law
Negative,cant sleep like httptwitpiccom2y3ti
Negative,bout start 24 poor linni couldnt keep eye open tire work tomorrow morn night
Negative,4 year old 18 year old drive around twisti dont want like
Negative,well suck
Negative,place 3 daysani help get packingpaintingclean much appreci oh rip wall
Negative,open partial frozen beer beer toaster oven counter kitchen smell like run speakeasi
Negative,dont even know ride
Negative,sad yes think need council
Negative,make readi schooldont feel like go two test
Negative,smug gone train also fail turn im head victoria follow unpleas tube ride citi
Negative,anybodi know ipod went
Negative,aww earthquak itali made sad saw pic news terribl
Negative,never abl afford get id much rather go extract continu deal
Negative,pet care peopl tri run other busi send suspici email fish info
Negative,lt33 codeztheyv mia tho
Negative,doesnt work cell go sleep p
Negative,go nice tomorrow rain come back nice weather birthday
Negative,rock band hardon expert
Negative,roomi home day scratch door comfort goto larg laundromat machin
Negative,one hardest thing schedul one chat end day usual
Negative,kill charact one favorit show im upset
Negative,jealous friend got see new star trek film austin tonight
Negative,listen q got realli bad headach drivin lesson ten min lucki wana sleeep
Negative,shut youi hungri britain home bore suckassi breakfast world miss denni
Negative,good morn everybodi pkoi fai pas beau bon coffe time
Negative,essay time
Negative,hey u talk mom r home yet hope r ok wish come home 4 easter
Negative,sure wish could go guy tmrw per usual school interfer
Negative,say kal penn leav hous noooooo awww total miss tonight
Negative,lost loyal
Negative,play anoth hand bad lost half stack
Negative,620pm earli day looooooong night work
Negative,sad last season wan na see spencer call lauren
Negative,im done edit quotth phipstapequot back 2 crack brew see got tree though
Negative,dont know half mean
Negative,homework homework homework
Negative,work heart today doubl weight station result stiff pull muscl ouch
Negative,feel bad unfollow
Negative,tire god hate new job two day
Negative,sad kutner kill fav show hous
Negative,happi coach stringer hof co 2009now finish term paper
Negative,feel like shit way want spend birthday eve
Negative,far 311 site put togeth check updat made
Negative,lot mind need make money idea nowher hire
Negative,miss
Negative,im sorri hear dog
Negative,much internet plagu
Negative,miss ex soo much
Negative,sod m25 httptwitpiccom2y3y0
Negative,oh thought pirat bay trial verdict today appar 10 day
Negative,call back
Negative,studi hall log immedi httpplurkcompmzxbg
Negative,tire im cri reason im tri get hour half tonight half got last night
Negative,total like four girl option none seem viabl
Negative,far 311 veiw site put togeth check updat made
Negative,listen bjork full love cri
Negative,omg hill love money2 aww think becki buckwild goe
Negative,crave tantan nabe httpplurkcompmzxc
Negative,cmon sean man
Negative,watch quota leagu ownquotmak miss mint chocol ice cream cone grand fuck
Negative,lost phone wheremayb grass long hope doesnt rain
Negative,hope arent refer say hello new stalker lol
Negative,u sleep ur gon na night ur bike ride
Negative,wan na listen master
Negative,ive look good stuff write also load uni work
Negative,feel unlov drop 2 tweeter
Negative,london day thursday gon na rain oh fab wont see much london eye still robbi wont care bless
Negative,complet wipe reload 8900 lost bbm contact go bed sad
Negative,sayyyi whaaaa wasnt invit
Negative,didnt sleep bad consid workshop start today begin sore throat though
Negative,oh gosh made emot haha idk dont want get old
Negative,go post stori manual due twitterfe problem that weve quiet late
Negative,dont like lukewarm shower
Negative,contact need 1099 freelanc work linuxcom throughout 2008 never got one
Negative,connor febi realli realli mad
Negative,need help want buy macbook pro still inlov old powerbook
Negative,man america borez anyway lol realiz sent msgs idea flash
Negative,gknight love ladi im sleepi
Negative,anybodi know get electrolyt back order vitamin work feel sick
Negative,yes someon hasnt read post proper
Negative,almost italian homework weeeeee understood
Negative,turn light time get ip
Negative,twitter hate us
Negative,hate fact im genuin excit last tweet
Negative,cant sleep either
Negative,itali earthquak sad news day
Negative,rain today garden realli need quit bad
Negative,yawn yawn yawn 10 minut bed
Negative,ouch sound sucki
Negative,great idea itun promo code dont work uk itun store though
Negative,cri
Negative,empti rum barrel sad rum barrel shake head horror horror
Negative,sleepless night
Negative,admit fake
Negative,love chutney
Negative,got high bore today scan 24 page daddi
Negative,cook risotto without
Negative,keeeerrrrriiiiii realli noth better post thing 224amwonderfulll say alot
Negative,yay basebal season boo yanke lose first game
Negative,lost suck work today
Negative,omg exam kill could know differ haif circl hemispher lt3 gt
Negative,bed sudden feel wish wme goodnight twitterfam
Negative,dont like goodnight
Negative,greaaat lappi wont turn wtffffff
Negative,stuck traffic journey traffic free morn help
Negative,lookin like allnight hate
Negative,your stranger
Negative,debbug old vb6 code day could start better
Negative,quarter percent babe darn
Negative,come cold bad allergi either way im miser
Negative,cant believ cutner dead hous sad day santa rosa ca httplooptusorpl3a
Negative,damnit realli dig season reaper httpwwwtvcomstory13720htmlref_story_id13720ampref_type1101ampref_namestori
Negative,gah comcast doubl cableinternet bill wout tell us quit anyon suggest afford compani bay area
Negative,anoth earli morn duchess although hadnt manag cross leg time
Negative,left without say hi
Negative,l want cant sleep
Negative,xbox show three red light mean dead need fix month microsoft hq
Negative,king size bed nice sad lone hubbi puppi kitti whole confer thing
Negative,im boredd gah wish could sleep get ive toooo muchh cooooffffeeeeeeee bahaha
Negative,may butt im done nosey sorri convers interest
Negative,fell listdid offend
Negative,18 week till sister home miss call worst feel world
Negative,gon na tri get sleep hotel room
Negative,brilliant idea bring much think youll spend amp ill swap bring brolli
Negative,get autograph shout record though comput dead cant listen
Negative,rt khloe got fire apprentic
Negative,biolog class lip hurt
Negative,sorri next tweet
Negative,grr go school today
Negative,get hd tivo got set tonight order get channel 40 59
Negative,ask everyon yesterday singl tweet back
Negative,ruddi money like still wait oh surpris state hmmm serious
Negative,sad kutner favorit new team
Negative,wow didnt get quothelloquot u suck
Negative,bedtim school tomorrow still book broke suckssss
Negative,seat help babi paperswel forc seat im sleepi
Negative,synch contact old mobil iphon import work well
Negative,cant concentr
Negative,ive spent 1 hour enter bureaucrat nonsens march wast time
Negative,nw confus ever
Negative,feel well stupid migrain make tummi upset whole bodi ach shoot
Negative,read buyolog bedtim great premis turn quotokquot book lot info alreadi knew
Negative,home realli wana sleep due wast free line town assign finish
Negative,also send updat plurk upload photo twitter didnt see updat plurk zero
Negative,omg quotth readerquot make
Negative,doh least your get decent exchang rate moment sterl still get flog
Negative,tri download tweetdeck wont download
Negative,there inch snow ground count im worri poor flower
Negative,arent happi camper
Negative,thank man im grate feel unworthi attent though im
Negative,miss u im total comin back tho lastnight sooooooo much fun
Negative,ohhh love ps im sad didnt get hang
Negative,somehow still end place
Negative,oh sad poor boy
Negative,um would hell fug poker dog pant cruis hi jonathan sorri miss
Negative,im homework gosh darn hard
Negative,definit vacat httpplurkcompmzygb
Negative,studi group extraordinar leav campussom tort outlin finishedgood thingbut sleepi hwill back 7am
Negative,cant airfar go live texa dont know ill abl make iowa
Negative,found pretti frustrat stupid monkey
Negative,im feel well mommi
Negative,nope im right along wit
Negative,murder gotcha cant believ
Negative,im sit hous im sooo look forward one class tomorrow
Negative,order matern cloth onlin came today got someth strang didnt order size stuff miss
Negative,wish could got ta work though
